year,month,maxtp,mintp,mnmax,mnmin,rain,gmin,wdsp,maxgt,sun
1985,1,12.0,-3.5,5.6,0.2,66.5,-8.0,9.2,48,54.1
1985,2,12.3,-4.0,7.3,2.7,52.0,-9.0,11.7,45,73.3
1985,3,14.7,-2.4,9.0,2.3,72.5,-5.6,11.1,44,116.4
1985,4,17.1,-0.8,12.5,4.9,40.2,-3.5,11.5,48,137.3
1985,5,18.4,1.7,13.7,6.9,70.1,-1.0,8.2,39,158.8
1985,6,19.8,3.0,15.9,8.1,78.5,2.0,7.9,35,171.5
1985,7,22.2,7.8,18.8,11.3,107.2,5.5,8.3,38,124.9
1985,8,21.4,7.0,16.9,10.1,124.6,3.7,10.9,56,141.2
1985,9,23.9,5.6,18.1,11.0,38.2,4.6,8.7,46,121.6
1985,10,20.0,3.8,14.1,8.0,19.7,-1.0,6.4,46,74.2
1985,11,14.4,-2.9,8.1,1.5,33.5,-8.0,9.5,43,95.2
1985,12,16.2,-5.1,9.6,4.4,72.4,-7.1,11.6,53,51.9
1986,1,13.0,-3.8,7.3,1.5,103.4,-6.5,14.2,53,66.6
1986,2,5.7,-4.5,3.6,-0.1,10.2,-9.3,12.8,42,65.8
1986,3,14.6,-5.4,9.5,2.5,64.7,-9.4,14.0,61,128.8
1986,4,14.4,-1.1,9.5,2.4,48.2,-4.7,10.8,45,159.5
1986,5,17.9,2.8,14.0,6.8,62.5,-0.5,12.5,58,174.6
1986,6,21.9,3.9,17.4,9.7,82.1,1.6,7.9,43,176.6
1986,7,25.2,7.0,18.1,11.4,57.5,4.8,8.2,37,93.4
1986,8,19.8,4.1,15.8,8.6,158.7,2.4,9.2,55,140.3
1986,9,21.5,2.1,15.9,7.7,3.6,-1.2,7.2,41,195.4
1986,10,20.0,2.5,14.3,7.0,57.0,-1.9,10.0,54,129.5
1986,11,14.6,-1.0,10.9,4.3,102.2,-3.0,12.9,54,87.2
1986,12,14.2,-2.1,9.2,2.8,71.8,-5.1,13.6,51,60.5
1987,1,11.1,-5.2,6.1,1.6,36.6,-8.4,9.5,48,44.4
1987,2,14.6,-4.2,8.2,1.9,34.5,-7.2,8.9,57,68.4
1987,3,15.3,-2.6,8.6,1.9,56.6,-5.5,11.4,60,89.3
1987,4,20.5,0.4,13.2,5.8,71.8,-4.0,8.9,39,115.3
1987,5,19.3,2.9,14.4,6.3,21.7,-1.4,9.6,53,189.2
1987,6,23.3,2.9,15.7,8.8,112.5,0.6,6.8,41,104.5
1987,7,24.7,7.7,19.7,11.9,32.6,3.7,8.1,37,163.1
1987,8,26.6,6.3,19.1,11.4,87.4,1.8,7.1,34,127.9
1987,9,20.2,3.4,16.6,9.2,74.8,-1.0,8.4,48,156.8
1987,10,15.2,0.2,12.3,6.2,124.5,-2.4,9.1,48,95.7
1987,11,14.1,-0.6,9.7,4.4,47.8,-4.8,9.8,52,50.9
1987,12,14.2,-1.1,9.8,5.8,39.5,-7.6,11.3,45,34.0
1988,1,13.1,-0.3,8.3,3.1,118.3,-10.0,12.2,54,68.6
1988,2,11.3,-1.0,7.9,2.3,34.3,-4.0,12.8,73,81.8
1988,3,13.2,-1.4,10.2,3.7,85.4,-4.9,11.5,54,101.1
1988,4,16.8,-0.2,12.2,5.5,24.9,-3.4,6.3,30,158.4
1988,5,19.0,3.4,15.0,7.4,72.5,0.9,8.2,43,195.7
1988,6,23.5,6.0,18.3,10.5,38.1,2.2,5.9,30,173.2
1988,7,20.6,8.5,17.8,10.6,80.3,5.8,11.4,54,135.5
1988,8,22.4,8.5,18.3,10.7,54.5,3.8,10.0,49,135.4
1988,9,20.7,2.5,16.0,9.2,41.1,0.0,10.5,49,120.8
1988,10,17.0,1.8,13.5,7.6,79.1,-4.7,10.5,53,97.4
1988,11,14.1,-2.7,10.2,3.8,23.5,-6.9,7.4,38,85.1
1988,12,13.6,1.0,10.5,6.1,40.5,-2.0,12.4,48,55.0
1989,1,13.1,0.4,10.2,4.9,27.5,-3.5,12.4,54,70.3
1989,2,13.2,-1.5,9.6,3.2,42.6,-5.5,14.4,58,95.2
1989,3,15.2,-1.6,11.3,3.5,54.7,-6.7,12.2,55,113.3
1989,4,15.5,-2.1,10.5,3.1,79.3,-4.7,7.6,43,137.0
1989,5,22.3,2.0,16.1,7.3,13.1,-1.9,6.1,40,238.0
1989,6,24.5,2.7,18.2,9.3,67.8,-0.9,5.1,41,227.7
1989,7,27.5,8.9,22.4,13.0,9.6,6.4,4.8,29,253.5
1989,8,23.5,5.6,19.8,11.6,81.9,2.8,7.3,42,133.5
1989,9,20.7,5.6,16.9,10.3,25.1,1.8,8.1,50,99.7
1989,10,18.4,6.1,14.7,9.1,62.1,0.1,10.8,43,81.4
1989,11,13.7,-0.1,10.2,5.6,35.6,-6.0,8.6,43,57.1
1989,12,13.7,-1.4,8.4,4.2,55.9,-7.2,8.0,56,31.9
1990,1,14.3,0.2,10.0,4.4,68.3,-3.7,14.3,58,71.7
1990,2,15.3,-0.6,10.1,4.2,108.8,-6.7,17.7,71,68.7
1990,3,17.1,-1.2,11.9,5.6,10.2,-4.3,14.3,50,90.7
1990,4,17.1,-2.9,12.2,3.8,24.2,-6.0,10.3,57,164.9
1990,5,23.4,4.4,16.5,8.4,39.5,-1.2,5.2,33,212.7
1990,6,21.0,5.6,16.7,9.5,71.3,1.9,7.8,42,142.7
1990,7,25.0,5.9,19.8,11.8,48.0,4.2,8.2,42,239.8
1990,8,28.7,8.5,20.6,12.7,49.8,4.3,8.0,44,141.2
1990,9,23.0,2.9,16.9,8.4,16.4,-2.0,7.7,45,140.6
1990,10,17.7,3.1,14.0,8.9,149.2,-0.7,11.3,49,76.7
1990,11,18.0,-0.7,10.3,4.7,64.0,-5.8,9.4,46,83.1
1990,12,12.6,-2.0,7.7,2.6,78.7,-6.8,11.1,57,61.2
1991,1,13.0,-2.6,6.8,2.0,71.4,-8.0,11.8,66,78.9
1991,2,12.8,-5.3,6.6,0.8,59.0,-10.6,9.4,45,54.4
1991,3,15.2,-1.2,10.6,5.1,91.1,-3.7,9.4,50,82.7
1991,4,13.6,0.0,11.1,4.4,92.3,-1.2,12.4,46,135.5
1991,5,21.5,3.1,15.6,7.8,3.6,-1.3,8.5,31,168.5
1991,6,19.6,2.8,15.7,8.7,79.8,-0.5,9.8,53,144.0
1991,7,22.9,10.0,19.4,12.6,26.4,7.2,9.9,40,143.4
1991,8,24.3,6.8,20.1,12.3,36.9,4.0,8.3,35,155.2
1991,9,24.0,2.3,18.1,10.1,42.8,0.5,9.3,48,149.3
1991,10,18.2,2.6,12.6,7.1,85.6,-0.3,10.5,51,77.4
1991,11,13.3,0.1,9.7,4.1,50.3,-4.2,13.2,50,60.2
1991,12,14.0,-0.3,9.3,4.7,38.1,-5.4,11.0,60,40.5
1992,1,13.2,-2.2,8.4,3.4,32.9,-8.0,8.6,44,52.5
1992,2,12.7,0.0,10.0,4.2,23.9,-4.5,12.0,45,63.8
1992,3,15.2,-0.6,11.0,4.8,65.1,-2.0,14.0,53,67.3
1992,4,17.2,0.8,11.8,5.1,70.3,-2.0,11.8,45,104.4
1992,5,20.4,2.8,15.9,8.5,39.5,-0.3,10.2,44,204.0
1992,6,23.8,8.0,18.9,11.3,37.4,5.2,7.3,28,190.6
1992,7,22.7,8.3,19.1,12.1,69.9,5.0,8.6,36,158.9
1992,8,21.0,6.5,18.1,10.6,85.3,3.3,10.7,44,167.5
1992,9,20.0,3.7,15.6,9.0,64.2,1.4,10.1,43,98.0
1992,10,16.4,-0.4,10.8,4.7,29.7,-3.5,9.4,40,99.8
1992,11,15.4,-0.9,10.9,4.9,64.1,-3.8,12.8,54,62.4
1992,12,12.8,-4.1,8.0,2.8,41.6,-8.5,9.1,45,63.1
1993,1,14.0,-0.7,10.1,3.8,57.9,-2.0,16.2,66,37.6
1993,2,12.4,-1.5,9.2,4.7,19.5,-5.0,9.8,38,55.6
1993,3,15.5,0.4,10.0,4.6,26.2,-5.1,11.1,64,83.4
1993,4,19.0,1.4,12.8,6.6,48.7,-1.5,10.1,52,129.6
1993,5,16.9,1.4,13.5,7.1,149.7,-1.0,10.0,57,166.8
1993,6,22.9,6.3,17.5,10.6,148.3,3.8,7.7,34,127.8
1993,7,22.5,7.4,18.3,11.3,60.1,3.1,10.7,37,140.4
1993,8,21.2,6.1,18.2,10.5,36.8,2.5,7.9,43,194.7
1993,9,20.0,4.5,15.4,9.0,90.0,-0.9,9.6,44,100.6
1993,10,15.1,-1.1,11.4,5.3,86.5,-4.6,7.3,30,97.3
1993,11,14.1,-0.9,9.2,4.4,45.4,-7.6,9.3,55,70.3
1993,12,13.9,-1.0,8.3,3.1,105.7,-3.6,14.3,71,47.3
1994,1,11.7,-2.1,8.3,2.9,83.0,-8.2,13.5,60,54.8
1994,2,10.1,-1.4,6.8,2.4,99.4,-6.9,12.9,57,42.2
1994,3,15.0,-0.1,10.7,4.2,72.1,-4.0,15.7,55,102.9
1994,4,19.1,1.0,11.4,3.7,60.3,-4.5,11.7,46,176.2
1994,5,18.8,0.8,12.7,5.7,52.5,-1.0,10.2,40,161.6
1994,6,21.4,4.2,17.1,8.6,21.2,2.6,10.6,38,140.7
1994,7,21.8,4.9,18.9,10.6,64.5,2.2,6.4,29,139.8
1994,8,22.1,4.7,17.6,10.0,58.6,4.0,9.0,36,131.1
1994,9,20.2,4.9,15.1,8.2,88.3,1.9,8.4,33,110.5
1994,10,17.8,-0.8,13.3,6.4,45.9,-2.4,9.6,43,128.7
1994,11,15.9,0.1,12.3,6.4,54.8,-1.8,10.0,40,52.6
1994,12,14.6,-1.4,9.6,3.7,86.0,-4.7,13.5,48,58.1
1995,1,12.8,-2.5,7.8,1.4,109.1,-5.9,13.3,57,41.5
1995,2,13.0,-2.0,9.1,2.9,92.0,-7.0,14.3,52,63.2
1995,3,15.4,-3.3,9.0,1.5,44.7,-6.9,13.5,66,122.7
1995,4,18.8,-2.0,12.8,3.8,27.3,-4.4,10.1,40,170.3
1995,5,22.5,0.0,14.4,6.0,49.2,-3.6,9.1,38,159.5
1995,6,25.3,4.0,18.1,8.1,11.6,0.7,8.3,28,240.5
1995,7,26.8,7.1,20.9,11.6,70.2,4.0,8.9,36,165.4
1995,8,27.1,6.8,22.9,11.8,7.2,1.7,8.1,38,274.3
1995,9,21.1,3.9,17.1,8.3,43.6,0.2,9.0, ,136.4
1995,10,21.0,0.6,16.2,8.5,38.0,-1.7,11.6,69,110.4
1995,11,14.7,-3.1,11.0,4.4,145.6,-5.9,9.7,41,67.8
1995,12,14.1,-7.9,6.9,2.2,72.7,-9.6,9.6,41,57.8
1996,1,12.0,-2.8,7.9,4.1,86.5,-3.2,13.5,46,16.4
1996,2,9.8,-3.9,7.2,0.4,62.4,-7.5,11.7,55,93.1
1996,3,10.7,-2.0,7.6,2.0,70.3,-5.3,10.0,36,46.4
1996,4,16.7,-1.9,12.3,4.2,58.3,-5.4,9.6,46,110.1
1996,5,20.6,-1.6,12.9,4.1,69.8,-4.1,9.6,44,207.4
1996,6,23.2,4.0,18.1,8.0,20.8,0.2,8.6,37,224.2
1996,7,24.3,4.8,19.5,10.3,36.8,2.7,8.8,37,168.9
1996,8,23.0,5.5,18.3,10.3,102.9,2.2,8.2,40,130.7
1996,9,22.8,4.2,17.1,8.7,19.0,0.1,9.2,42,159.2
1996,10,18.6,1.9,14.2,7.5,102.4,-1.2,12.6,45,73.5
1996,11,16.3,-2.8,8.9,2.5,103.8,-6.0,12.2,66,88.9
1996,12,11.3,-5.4,6.8,1.6,54.3,-8.6,10.5,43,39.4
1997,1,13.8,-4.2,6.9,1.5,13.5,-6.7,8.0,37,37.9
1997,2,12.9,-1.9,9.8,2.6,62.3,-5.7,16.4,67,89.9
1997,3,14.9,-3.1,12.1,3.3,15.1,-6.5,11.4,47,120.3
1997,4,18.2,-1.3,13.1,4.5,48.4,-3.6,8.2,44,125.7
1997,5,20.4,-0.6,14.7,5.1,61.4,-1.7,8.2,39,207.0
1997,6,20.0,3.9,16.1,8.6,125.3,-0.2,9.9,35,139.2
1997,7,22.7,7.2,19.5,10.5,54.1,3.8,8.4,39,169.3
1997,8,24.1,7.3,19.9,12.0,81.2,4.5,8.6,42,154.0
1997,9,20.3,4.0,17.0,9.0,19.1,1.3,9.5,41,142.5
1997,10,19.2,1.3,14.0,7.0,67.8,-3.7,8.8,45,94.9
1997,11,16.9,-0.6,11.1,5.4,87.2,-3.5,9.3,47,50.2
1997,12,13.6,-1.3,9.1,3.7,90.5,-5.6,12.6,76,46.7
1998,1,16.5,-4.8,8.4,2.9,79.5,-6.9,11.3,54,47.6
1998,2,16.2,-2.6,11.0,4.8,14.0,-5.5,13.1,52,77.0
1998,3,15.5,-0.7,11.2,4.4,65.9,-4.4,9.8,44,72.0
1998,4,15.3,-4.0,10.6,3.1,115.6,-5.6,10.0,49,132.1
1998,5,22.2,2.3,15.7,7.0,27.2,-0.7,8.5,42,196.2
1998,6,22.4,3.3,17.3,8.8,113.1,1.9,9.2,40,152.7
1998,7,21.0,6.4,18.2,10.6,54.2,5.4,10.3,38,133.5
1998,8,24.1,4.7,19.5,10.3,45.0,3.2,10.1,37,169.2
1998,9,21.4,3.5,17.0,9.6,95.8,1.4,9.5,39,124.4
1998,10,18.5,-0.1,13.5,6.8,75.1,-3.0,12.6,53,114.6
1998,11,16.5,-3.2,10.2,3.7,76.7,-3.9,11.5,55,94.4
1998,12,15.0,-3.2,9.4,2.6,70.3,-6.3,11.4,65,48.0
1999,1,12.9,-5.1,8.6,2.2,72.5,-6.3,12.6,49,75.2
1999,2,13.1,-3.0,8.7,2.5,32.2,-5.2,12.9,49,75.9
1999,3,17.2,-1.8,10.9,3.5,36.4,-4.7,11.0,42,113.3
1999,4,18.3,-3.1,12.9,4.7,75.2,-5.9,11.8,46,172.5
1999,5,20.8,2.5,15.4,7.8,39.2,1.2,9.6,40,122.4
1999,6,21.7,2.4,16.8,7.5,56.3,1.1,7.7,35,160.8
1999,7,25.6,8.3,20.2,11.6,35.3,6.6,9.0,41,189.0
1999,8,21.7,7.1,18.5,10.7,106.8,5.1,8.5,28,154.5
1999,9,22.9,4.2,17.9,10.5,104.3,3.6,8.5,49,111.0
1999,10,17.2,1.0,13.6,7.0,30.5,-2.9,10.6,50,108.1
1999,11,13.8,-2.1,10.7,4.5,43.5,-4.9,10.4,53,76.4
1999,12,11.5,-3.1,7.5,1.6,82.5,-7.2,14.0,71,53.3
2000,1,12.0,-3.1,7.7,2.1,40.1,-6.8,11.4,51,56.6
2000,2,13.8,-0.7,9.8,2.4,46.1,-7.2,14.3,58,90.6
2000,3,14.9,-2.4,10.7,3.8,21.0,-8.0,10.6,47,102.9
2000,4,14.4,-3.5,10.4,2.5,89.5,-7.1,9.3,42,154.5
2000,5,20.1,2.0,15.0,5.9,50.2,-2.6,8.8,34,261.8
2000,6,25.7,4.8,17.2,9.4,30.9,0.1,9.3,38,165.5
2000,7,22.8,5.6,18.6,10.5,48.0,0.6,7.9,36,162.7
2000,8,22.5,5.4,19.8,10.5,62.8,2.7,7.8,34,172.4
2000,9,21.5,2.4,17.4,9.1,99.9,-1.2,8.3,39,104.4
2000,10,18.1,2.0,13.0,5.5,87.3,-4.7,12.4,53,123.0
2000,11,14.1,-0.8,9.1,2.8,141.3,-6.6,12.9,53,65.4
2000,12,13.3,-7.4,7.9,2.7,126.3,-8.7,11.4,56,34.2
2001,1,11.6,-4.6,6.5,0.7,31.8,-9.4,9.8,43,68.8
2001,2,13.1,-4.8,8.0,0.5,49.5,-11.1,9.7,51,98.3
2001,3,14.1,-7.9,8.4,1.6,56.2,-12.4,10.3,41,122.2
2001,4,15.4,-1.5,11.5,2.9,77.9,-4.3,10.1,45,145.9
2001,5,22.2,-0.1,16.3,6.4,49.8,-3.4,7.7,40,239.8
2001,6,23.3,2.1,17.4,8.2,41.5,0.3,9.0,37,166.1
2001,7,26.9,6.2,19.6,10.7,30.5,2.1,9.0,45,143.3
2001,8,23.8,5.2,19.3,10.4,97.1,1.9,7.7,39,159.6
2001,9,20.0,2.2,17.0,8.6,41.7,-0.8,9.8,45,131.9
2001,10,19.6,1.5,15.5,9.0,90.3,-1.8,11.4,47,114.7
2001,11,15.5,-0.5,10.8,4.8,40.6,-3.1,10.3,41,57.2
2001,12,13.9,-5.7,7.9,1.2,21.7,-9.3,10.1,44,89.0
2002,1,13.8,-6.6,10.1,3.5,48.4,-11.7,12.3,57,57.2
2002,2,13.0,-3.0,9.9,3.0,125.9,-6.6,16.1,56,90.8
2002,3,14.8,-2.2,11.1,3.3,30.3,-7.0,12.0,56,125.4
2002,4,19.2,-1.9,12.4,3.8,81.7,-6.7,10.6,52,159.2
2002,5,18.2,1.9,15.0,6.8,121.3,-2.4,10.6,51,167.8
2002,6,21.6,5.5,17.2,9.0,81.2,1.5,10.8,45,162.2
2002,7,23.7,6.7,18.3,10.4,68.9,2.1,8.3,33,106.8
2002,8,21.9,6.2,18.9,11.2,50.8,4.2,7.4,41,140.2
2002,9,20.8,3.4,17.1,8.0,22.6,-1.4,7.0,34,130.0
2002,10,18.7,-0.1,13.0,5.9,181.2,-6.9,10.0,67,100.0
2002,11,15.9,1.3,11.2,5.7,185.8,-4.0,11.1,51,56.7
2002,12,13.4,-2.2,8.2,4.5,97.5,-5.5,11.2,48,30.6
2003,1,12.7,-4.4,8.0,2.1,62.6,-10.3,12.8,50,75.4
2003,2,12.3,-5.1,7.8,1.7,20.9,-10.7,11.2,42,102.5
2003,3,14.6,-2.3,11.6,2.1,27.1,-6.7,9.2,48,172.2
2003,4,18.4,-2.4,13.1,4.7,37.0,-6.6,9.4,43,183.8
2003,5,22.1,2.1,15.0,6.8,97.4,-3.4,11.1,40,159.4
2003,6,20.8,6.5,18.1,9.7,86.8,0.3,9.7,52,188.6
2003,7,23.9,9.2,20.0,12.3,47.6,5.7,8.8,30,132.2
2003,8,25.7,6.0,20.6,11.0,14.5,1.2,7.8,38,203.1
2003,9,24.6,4.8,18.3,8.6,37.4,-1.3,7.7,33,137.0
2003,10,18.8,-0.5,12.6,5.5,106.6,-5.2,10.5,39,115.6
2003,11,15.6,-1.6,11.2,4.6,55.0,-7.3,11.7,47,91.2
2003,12,13.7,-5.2,8.7,1.7,60.4,-10.6,9.9,42,53.8
2004,1,12.8,-4.5,8.3,2.4,82.6,-7.7,11.8,48,56.6
2004,2,14.8,-6.4,8.8,1.0,19.9,-10.7,10.9,51,127.6
2004,3,16.6,-5.3,10.6,2.4,43.9,-12.6,11.3,61,140.3
2004,4,18.1,-0.4,12.8,4.6,31.8,-3.0,10.9,49,170.2
2004,5,21.3,1.5,15.6,6.0,49.9,-1.1,9.0,35,211.6
2004,6,24.3,4.6,19.1,9.8,50.6,2.6,12.0,46,185.0
2004,7,21.8,4.6,18.7,10.2,38.1,2.7,10.2,35,159.9
2004,8,24.2,5.8,19.7,11.4,133.9,3.7,9.6,37,149.2
2004,9,23.7,4.9,17.2,10.1,46.8,2.7,13.2,45,139.2
2004,10,16.0,1.5,12.5,5.9,120.2,-1.8,11.7,46,99.9
2004,11,13.4,-1.0,10.6,5.3,39.9,-3.8,10.8,37,64.8
2004,12,12.5,-1.5,9.1,3.6,45.0,-5.7,12.9,45,57.0
2005,1,13.3,-0.9,9.5,3.9,64.0,-2.7,15.8,73,57.0
2005,2,11.8,-1.9,7.5,2.0,40.6,-6.9,11.5,51,64.8
2005,3,16.6,-2.1,10.6,4.5,21.9,-7.4,10.5,38,97.3
2005,4,17.6,-0.6,11.9,4.1,71.6,-2.8,11.1,43,135.9
2005,5,18.9,-0.4,14.2,6.0,67.1,-2.7,10.8,46,195.9
2005,6,23.5,4.3,18.6,10.3,31.2,1.3,9.3,37,166.3
2005,7,24.8,8.5,19.2,11.7,83.4,2.9,8.8,38,152.5
2005,8,22.8,6.1,19.6,10.9,26.0,3.3,9.5,38,149.8
2005,9,21.3,2.3,17.9,9.6,55.8,-1.8,10.8,41,125.4
2005,10,19.9,1.2,14.9,8.3,101.8,-3.2,10.6,42,87.1
2005,11,17.6,-3.4,10.1,2.9,46.7,-7.8,11.0,47,97.6
2005,12,13.4,-2.7,8.7,2.8,73.0,-8.8,9.8,36,45.4
2006,1,12.7,-3.8,8.6,2.6,16.4,-9.6,10.0,54,59.8
2006,2,13.6,-3.3,8.0,1.9,37.7,-8.4,10.6,43,67.8
2006,3,14.5,-5.8,8.8,2.2,69.7,-9.2,12.6,47,95.3
2006,4,16.7,-3.3,12.5,3.5,41.1,-7.4,10.9,39,199.7
2006,5,20.1,1.3,15.1,6.6,116.9,-2.5,10.8,40,196.7
2006,6,23.9,6.4,19.0,10.1,26.5,-0.2,8.7,45,222.5
2006,7,26.5,5.4,22.0,11.8,18.2,-0.6,8.4,38,240.2
2006,8,25.3,5.6,19.4,11.0,57.6,-0.1,10.2,33,144.0
2006,9,22.6,3.5,18.6,10.8,85.2,-1.9,10.4,49,134.4
2006,10,17.4,2.8,15.3,7.9,107.0,-2.0,10.6,40,116.0
2006,11,14.3,-2.1,10.9,4.2,69.1,-7.3,12.4,45,102.5
2006,12,13.5,-2.7,9.6,3.7,94.6,-7.1,13.1,67,68.5
2007,1,13.7,-1.0,9.4,3.9,73.2,-6.1,16.2,80,70.5
2007,2,14.3,-4.8,9.1,2.6,77.8,-10.5,10.3,51,83.6
2007,3,14.0,-2.5,10.3,2.5,38.8,-7.3,12.3,54,134.0
2007,4,19.7,0.4,15.2,6.0,14.7,-5.0,8.8,43,238.7
2007,5,21.2,0.3,15.3,6.3,35.0,-1.7,11.3,44,215.8
2007,6,22.3,4.6,17.0,9.1,126.4,2.1,9.2,36,144.5
2007,7,21.0,6.4,18.2,10.1,127.1,4.9,10.1,45,167.4
2007,8,22.8,6.2,18.7,10.4,95.5,3.7,9.7,37,146.2
2007,9,21.8,1.2,17.0,8.9,39.2,-1.6,10.3,42,126.8
2007,10,18.1,-0.3,15.2,6.7,15.7,-3.6,8.2,40,113.3
2007,11,16.4,-1.4,11.0,5.6,53.8,-4.5,11.6,42,47.1
2007,12,14.7,-3.7,9.5,3.2,63.8,-8.1,12.8,53,70.5
2008,1,14.3,-2.1,9.5,3.3,97.4,-3.7,14.6,56,52.0
2008,2,14.1,-6.7,9.8,1.8,14.7,-9.2,12.2,60,96.5
2008,3,12.6,-3.7,9.8,2.1,101.8,-6.3,15.0,60,126.4
2008,4,16.5,-1.4,11.7,3.4,27.6,-5.3,11.6,48,185.6
2008,5,21.4,0.6,16.0,7.2,32.7,-1.9,9.6,40,236.3
2008,6,22.3,2.9,17.3,8.3,76.4,0.3,9.9,48,181.7
2008,7,22.1,4.6,18.7,11.0,111.4,2.2,10.7,33,150.6
2008,8,21.5,7.0,18.4,11.9,189.9,4.4,10.3,36,100.6
2008,9,19.5,3.8,16.4,8.4,114.1,2.4,9.5,39,119.6
2008,10,17.0,-1.3,12.6,5.2,92.5,-3.5,12.6,47,120.9
2008,11,13.1,-2.9,9.5,4.4,44.7,-4.1,12.4,41,82.3
2008,12,12.2,-3.5,7.5,1.4,39.4,-7.8,10.1,49,58.9
2009,1,11.8,-4.2,7.2,1.3,62.1,-8.0,11.9,59,72.0
2009,2,12.7,-3.0,7.7,2.5,56.1,-6.3,10.3,40,66.5
2009,3,14.7,-3.8,10.7,2.7,26.2,-7.5,12.6,47,128.1
2009,4,16.8,-0.9,12.4,4.2,71.1,-5.0,9.6,49,166.4
2009,5,20.8,3.2,15.1,6.7,75.5,-0.9,12.1,44,215.9
2009,6,24.5,3.5,18.1,8.2,64.3,0.2,8.9,40,237.5
2009,7,22.5,7.0,18.8,11.0,165.4,3.4,9.9,36,162.5
2009,8,22.4,7.9,19.3,11.4,69.5,3.7,11.1,40,148.2
2009,9,19.0,2.7,16.7,8.4,24.2,-0.2,10.1,35,135.1
2009,10,17.7,1.2,14.5,7.7,63.0,-1.9,10.2,54,89.4
2009,11,14.6,-0.9,10.4,4.3,171.3,-4.4,14.3,51,79.0
2009,12,13.1,-6.6,6.6,0.6,69.1,-10.0,11.3,52,59.0
2010,1,11.5,-9.5,4.8,-1.4,45.2,-10.4,11.0,44,86.3
2010,2,9.3,-6.6,5.7,-1.2,36.7,-9.8,8.4,35,64.1
2010,3,14.3,-7.3,9.7,0.1,54.8,-11.0,9.3,46,155.1
2010,4,17.7,-3.8,12.9,2.5,26.7,-7.0,8.4,47,193.3
2010,5,23.5,-1.0,14.7,4.5,38.0,-4.3,8.2,28,234.7
2010,6,23.4,4.8,19.1,9.1,50.3,2.6,7.8,28,204.6
2010,7,24.0,8.6,19.6,12.3,78.5,6.4,10.6,49,142.3
2010,8,21.5,2.4,18.3,9.5,48.0,0.1,9.1,34,216.0
2010,9,20.9,2.7,17.0,9.2,104.3,-1.4,9.6,37,140.4
2010,10,18.7,-3.3,13.8,6.4,30.8,-8.3,10.2,37,134.8
2010,11,15.9,-8.4,8.3,2.1,100.0,-12.0,11.3,56,85.8
2010,12,11.7,-12.2,3.3,-3.5,58.1, ,8.4,37,60.3
2011,1,12.5,-6.8,6.5,0.7,29.2,-10.4,9.8,42,73.2
2011,2,14.7,-1.7,10.3,3.7,76.1,-7.1,11.6,54,90.4
2011,3,15.6,-5.4,10.8,0.8,19.4,-8.6,8.4,54,162.9
2011,4,20.3,-0.1,15.2,5.0,28.4,-3.8,8.9,40,201.5
2011,5,17.6,3.8,15.1,7.7,37.0,-0.5,14.9,57,195.7
2011,6,23.3,2.1,16.9,7.1,64.3,-2.4,9.5,33,191.1
2011,7,22.3,4.9,18.3,9.2,42.6,2.4,8.6,34,159.3
2011,8,21.8,4.6,17.9,9.1,39.7,0.7,8.9,35,139.7
2011,9,24.1,3.9,17.4,10.6,65.2,0.4,12.9,56,120.0
2011,10,20.4,3.0,15.1,8.5,169.5,-0.8,12.8,54,84.4
2011,11,15.1,-2.0,12.7,6.7,48.5,-6.5,11.8,49,76.1
2011,12,13.3,-2.4,8.5,3.0,51.9,-4.5,16.3,52,57.3
2012,1,12.2,-3.0,9.0,3.3,63.0,-6.6,14.5,58,64.7
2012,2,14.1,-6.1,9.2,4.0,20.5,-10.7,11.1,41,62.6
2012,3,18.7,-1.8,12.4,3.5,25.6,-5.3,9.3,37,136.3
2012,4,13.8,-1.5,10.4,2.8,90.2,-4.9,11.6,45,164.6
2012,5,21.0,-3.0,14.3,5.4,60.4,-6.1,8.9,46,189.1
2012,6,22.9,3.8,16.2,9.1,147.7,0.1,9.9,43,130.8
2012,7,23.7,4.9,18.0,10.0,85.3,1.0,9.2,36,138.0
2012,8,22.2,7.0,19.1,11.5,78.1,2.3,9.7,41,151.5
2012,9,22.2,0.5,16.2,7.7,83.4,-3.7,11.7,41,158.1
2012,10,14.7,-0.6,11.9,4.9,71.0,-3.3,9.8,37,86.8
2012,11,14.2,-2.4,9.5,3.3,72.0,-6.7,11.0,41,97.9
2012,12,13.8,-3.3,8.4,2.4,52.3,-8.9,12.2,53,69.4
2013,1,13.8,-5.3,7.9,1.9,94.4,-10.3,11.5,56,37.0
2013,2,13.0,-3.3,7.2,1.3,47.3,-8.0,10.9,41,72.5
2013,3,9.9,-3.8,6.0,0.2,85.5,-8.1,11.7,40,69.6
2013,4,16.6,-5.6,11.1,2.6,40.1,-10.1,12.8,54,165.4
2013,5,19.6,-0.5,14.5,5.5,45.8,-5.3,11.8,50,194.4
2013,6,22.2,4.0,17.9,7.6,60.8,-0.3,9.4,36,210.4
2013,7,26.2,8.5,21.9,11.6,68.8,5.1,7.2,31,237.0
2013,8,22.9,7.9,19.8,11.4,48.5,4.5,9.6,34,130.3
2013,9,23.3,3.5,16.9,9.1,35.1,0.6,10.2,48,138.5
2013,10,19.4,1.8,14.8,8.6,127.8,-1.5,11.0,43,95.2
2013,11,13.9,-2.9,9.2,3.5,26.6,-5.7,10.5,45,80.3
2013,12,15.0,0.7,9.9,4.0,83.2,-5.0,14.6,63,51.3
2014,1,12.9,-1.5,8.5,2.9,101.6,-5.7,12.7,54,64.5
2014,2,12.0,-2.5,8.7,2.5,88.5,-5.8,15.9,66,101.2
2014,3,15.4,-3.3,10.5,3.1,53.7,-7.1,12.1,44,121.0
2014,4,16.4,-1.1,13.6,4.1,34.2,-5.3,9.8,38,185.9
2014,5,20.3,1.7,15.2,7.4,91.5,-1.0,9.9,38,146.2
2014,6,23.5,3.0,18.6,8.6,36.2,-1.4,7.6,28,202.6
2014,7,24.1,5.1,20.6,11.1,35.0,2.2,8.7,33,182.8
2014,8,21.6,3.3,18.0,9.8,173.0,-0.3,11.4,36,158.6
2014,9,22.0,3.7,17.8,8.4,26.5,0.3,6.5,28,141.2
2014,10,18.9,-0.6,14.8,7.0,90.2,-3.4,11.5,47,115.3
2014,11,15.0,-2.4,10.9,4.5,140.9,-6.4,9.1,44,63.1
2014,12,13.2,-3.9,7.9,2.8,55.9,-9.7,13.9,49,81.9
2015,1,14.4,-6.0,7.9,1.5,47.7,-9.3,15.1,58,92.4
2015,2,12.6,-7.9,7.4,0.6,34.6,-10.9,10.8,52,79.2
2015,3,14.2,-4.0,9.9,1.6,57.5,-7.3,12.9,56,155.9
2015,4,18.1,-2.7,13.0,1.8,43.9,-7.0,9.4,42,229.9
2015,5,18.4,0.5,13.8,5.4,90.5,-3.3,12.6,43,165.9
2015,6,24.7,0.7,17.7,8.0,14.1,-3.2,10.5,51,204.3
2015,7,23.4,3.9,18.1,9.5,69.2,0.8,10.5,36,134.5
2015,8,23.3,3.8,18.3,9.6,100.1,-0.7,9.2,37,158.1